data,title,new category,subject,verb,adjective,sentiment,sentence
20211213,[뉴있저] 보수 표심 파고드는 李...부동산 민심 공략 尹,청년,홍준표,따돌렸,그렇,neutral,홍준표 후보와 유승민 후보도 따돌렸는데. 그렇다면 또 이재명 후보와 1:1 토론 못할 바도 아니다 
20211213,"펨코 '친홍', 클리앙 '친이'…커뮤니티 정치성향 '전국지도'",청년,이재명,지난,나쁘,negative,이재명 더불어민주당 대선 후보는 지난 9일 펨코에 ‘펨붕이들 안녕하세요? 이재명입니다’라는 제목의 글을 올려 “여기에서 나오는 정책 제안이나 비판 글을 제가 한 마디라도 더 보고 가면 나쁘진 않을 것”이라며 “뭐든 남겨만 주시고 불러만 달라. 쓴소리 단소리 뭐든 좋다”고 호소했다. 
20211213,"秋, 연일 “쥴리” “건진요” 김건희 저격…與도 “부끄럽다”",청년,최지현,통해,다르,neutral,최지현 수석부대변인은 논평을 통해 “사실과 다르다”며 “대선 후보였던 추미애 전 장관까지 나서 근거 없는 인신공격도 잔혹하게 퍼뜨린다”고 비판했다. 
20211213,尹-金 다른 말·중구난방 정책 발표… 국민의힘 `엇박자 선대위`,청년,윤석열,국민의힘,다르,neutral,"윤석열 국민의힘 대선 후보와 김종인 총괄 선거대책위원장 정책 발언이 각각 다르고, 이준석 당 대표 말도 달라 내부 혼선이 빚어지고 있다는 지적이 나온다. "
20211213,"‘이재명發 추경’ 두고 이준석은 金, 김병준은 尹에 힘 싣기",청년,이재명,둘러싸,묘한,negative,이재명 더불어민주당 후보가 제안한 추경을 둘러싸고 선대위 최고 지도부가 묘한 4각관계를 형성하는 분위기다. 
20211213,"이준석, 尹의 ‘마이크 패스’ 논란에…“우리 후보가 정확히 답변했다”",청년,윤석열,가지,변함없,negative,이어 “(윤석열) 후보가 항상 주도권을 가지고 청년들과 또 시민들과의 대화에 나서고 있다”며 “이건 변함없는 팩트”라고 강조했다. 
20211213,“부끄럽다” 與 쓴소리에도… 또 김건희 겨눈 秋 “한 여성의 얼굴찾기 놀이 아냐”,청년,추미애,국민의힘,부끄럽,negative,"추미애 전 법무부 장관. 뉴시스 윤석열 국민의힘 대선후보의 배우자 김건희씨를 둘러싼 의혹 관련 성형설 등 일부 공격에 대해 여권 내부에서 “부끄럽다”는 쓴소리가 나온 가운데, 추미애 전 법무부 장관은 13일 “‘쥴리 찾기’는 얼굴 찾기 놀이가 아니다. 공적 검증의 무대에 거짓으로 설 수 없기 때문”이라며 김씨를 거듭 저격했다. "
20211213,"추미애·손혜원, 김건희 의혹 제기하자…민주당서도 ""부끄럽다""",청년,손혜원,국민의힘,부끄럽,negative,"하헌기 더불어민주당 청년대변인(선대위 부대변인)은 13일 손혜원 전 의원이 윤석열 국민의힘 대선후보 배우자인 김건희 씨의 성형 의혹 제기와 관련해 ""부끄럽다""고 말했다. "
20211213,"손혜원·추미애, 김건희 맹공에…""구태해도 한참 구태""",청년,윤석열,국민의힘,부끄럽,negative,"윤석열 국민의힘 대선 후보의 배우자 김건희씨를 두고 성형 의혹 등 각종 의혹이 쏟아진 것에 대해 13일 더불어민주당 내부에서도 ""부끄럽다""는 비판의 목소리가 나왔다. "
20211213,"이준석, 尹 ‘50조 추경’ 주장에 “말실수지만 의지표명”",청년,이준석,국민의힘,빠른,positive,이준석 국민의힘 대표가 13일 윤석열 당 대선 후보가 코로나19 피해 소상공인을 위한 손실 보상 지원 50조 원을 마련하려면 ‘최대한 빠른 추경(추가경정예산)’이 필요하다고 한 데 대해 “말실수로 볼 수 있지만 의지 표명”이라고 말했다. 
20211213,"[제20대 대선]민주당 울산시당, 이재명선대위 출범",청년,송영길,통해,새로운,positive,송영길 대표는 영상을 통해 “울산은 더불어민주당과 문재인 정부에서 새로운 비전을 만들어가는 곳이며 해상풍력뿐만 아니라 북극항로가 개척되면 액체중점항구로 북방경제로 연결되는 새로운 경제중심지”라며 “부울경 메가시티와 울산의 도약을 위해 이재명과 함께 새로운 미래로 나아가자”고 말했다. 
20211213,"[제20대 대선]민주당 울산시당, 이재명선대위 출범",청년,문재인,만들어가,새로운,positive,송영길 대표는 영상을 통해 “울산은 더불어민주당과 문재인 정부에서 새로운 비전을 만들어가는 곳이며 해상풍력뿐만 아니라 북극항로가 개척되면 액체중점항구로 북방경제로 연결되는 새로운 경제중심지”라며 “부울경 메가시티와 울산의 도약을 위해 이재명과 함께 새로운 미래로 나아가자”고 말했다. 
20211213,[뉴있저] 보수 표심 파고드는 李...부동산 민심 공략 尹,청년,문재인,갈아엎,새로운,positive,보니까 그렇다면 문재인 정부와 이재명 정부는 다른데 똑같은 민주당 정권의 연장선상이 아니라 민주당을 오히려 갈아엎고 이재명 정부는 새로운 스타일로 갈 거라고 하는 비전을 계속 제시하고 있습니다. 
20211213,[뉴있저] 보수 표심 파고드는 李...부동산 민심 공략 尹,청년,윤석열,국민의힘,새로운,positive,"[윤석열 / 국민의힘 대선후보 : 기본적으로 적정 물량이 계속 시장에 들어와서 또 새로운 주택을 수요로 하는 그런 분들의 수요를 충족하고 이렇게 해서 원활한 수요, 공급의 과정을 통해서 안정적인 가격으로 예측 가능한 가격으로 시장이 형성돼야 되는데 이렇게 과거 정부에서 기획해 놨던 뉴타운 계획도 전부 해제하고 물량 공급을 너무 틀어쥐어서 오늘날의 이런 부동산 가격 폭등. 또 이 기조에서 벗어나지 않고 과거 기조를 그대로 답습을 해서 부동산 정책을 펴면 "
20211213,"“SMR로 가야한다”는 안철수와 기후청년이 공감대?…아뇨, 반박했는데요!",청년,오지혁,내놓,어떻,neutral,오지혁 청년기후긴급행동 공동대표는 “말에 상응하는 과감한 대책을 내놓지 않고 ‘경제성장을 어떻게 할 거냐’는 이야기에 굉장히 쉽게 무릎 꿇는 모습을 많이 봐 왔다”고 지적했다. 
20211213,"""강릉 외손이 반드시 정권교체"" 강원선대위 전국 1호로 출범",청년,김명길,묶여있,어렵,negative,김명길 속초시의원으로부터 “강원도 대부분 지역이 중층 규제로 묶여있어 개발이 어렵다”는 보고를 받고 윤 후보는 “대통령령을 개정해 할 수 있는 것들은 즉각 실시하겠다”며 강원경제특별자치도를 약속했다. 
20211214,"홍준표 ""결혼 전 일 모두 납득되면 '이재명 전과 4범' 모두 용서해야""",청년,홍준표,배우,거세,negative,"홍준표 국민의힘 의원이 윤석열 대선 후보 배우자 김건희씨를 둘러싼 논란이 거세지는 데 대해 ""한 여성이 대선판을 흔들고 있다. 안타까운 일""이라고 밝혔다. "
20211214,"홍준표 ""결혼 전 일 모두 납득되면 '이재명 전과 4범' 모두 용서해야""",청년,이준석,대해,과하,negative,"이준석 ""결혼 전 일에 대해서 후보에게 책임을 묻는 것은 과하다"" "
20211214,보름에 3번 부산행… 이준석의 ‘PK 구애’,청년,이준석,향해,남다른,neutral,국민의힘 이준석 대표가 부산·울산·경남(PK)를 향해 남다른 애정을 내비치며 지역 표심을 자극하고 있다. 
20211214,"추경 놓고… 김병준은 尹, 이준석은 김종인 편들기",청년,이재명,둘러싸,묘한,negative,이재명 더불어민주당 후보가 제안한 추경을 둘러싸고 선대위 최고 지도부가 묘한 4각관계를 형성하는 분위기다. 
20211214,"강성범, 이재명 비판 윤희숙에 “아줌마! 저보다 더 저질스러워”",청년,강성범,도우려고,무서운,negative,강성범은 “윤희숙씨는 이번 선거를 도우려고 나온 것일까? 아니면 내년 지자체장 선거를 위해 나온 것일까? 하는 의심이 든다”라며 “시작부터 무서운 말로 (이재명 후보) 공격부터 하는 걸 보니 자기 정치가 급한 걸로 보인다”라고 했다. 
20211214,"강성범, 이재명 비판 윤희숙에 “아줌마! 저보다 더 저질스러워”",청년,강성범,대해,빠른,positive,강성범은 윤희숙 전 의원에 대해서는 “윤희숙씨 이제 의원 아니니까 씨라고 해도 된다. 친윤 언론들이 하도 호칭 가지고 뭐라고들 하니까 조심하고 있다”며 “임차인으로 뜨셔서 이재명 때리기로 자리 잡으신 분. 이 윤희숙씨가 아버지의 땅투기 의혹으로 국회의원직을 내 놓은지 석 달도 안돼서 정치참여 선언을 했다. 아줌마! 아 아줌마라고 하면 안 되지. 윤희숙씨 너무 빠른 거 아닌가”라고 했다. 
20211214,홍준표 ‘김건희 논란’에 “한 여성이 대선판 흔들어”,청년,홍준표,둘러싼,안타까움,negative,홍준표 국민의힘 의원이 윤석열 대선 후보의 부인 김건희씨를 둘러싼 논란이 점입가경으로 치닫는 상황에 대해 안타까움을 내비쳤다. 
20211214,‘김혜경’ 띄우고 ‘김건희’ 비판하는 민주당 선대위,청년,김병기,둘러싼,어렵,negative,김병기 현안대응 TF 단장은 14일 기자회견에서 “윤석열 후보의 장모 최은순씨 등 가족을 둘러싼 의혹이 한두가지가 아니다”라면서 “오늘 공개해드린 공소장 과징금 처분서 압류 내역을 보면 부동산을 향한 김건희 일가 열정은 외면하기 어렵다”고 비난했다. 
20211214,조원진 우리공화당 대선 후보 충청권 민심 탐방,청년,조원진,만나,엄청난,negative,"조원진 후보는 이날 문형근 천안 개인택시조합지부 회장 등과 만나""코로나 19 위기가 장기화되고 심각해지면서 자영업자와 소상공인이 벼랑 끝에 몰려 있고 택시업계 또한 엄청난 위기에 빠져있는데 정부의 실질적인 지원이 열악한 상황""이라며 ""서민의 발인 택시가 활짝 웃는 사회가 경제가 활짝 웃는 사회이다""라고 말했다. "
20211214,"유시민 이어 이해찬 구원등판… ""이재명 혼자 싸우지 않게 하라""",청년,진영,나서,이나땡,neutral,"""우리 진영 사람들이 전면적으로 나서야 ""등판 동시에 ""국민의힘, 오합지왕"" 직격탄국민의힘 ""친문상왕 등장, 우리는 이나땡"" "
20211214,"홍준표의 경고 ""부인·장모 비리 프레임에 갇히면 정권교체 힘들어""",청년,홍준표,갇히,힘들,negative,"홍준표의 경고 ""부인·장모 비리 프레임에 갇히면 정권교체 힘들어"" "
20211214,"홍준표의 경고 ""부인·장모 비리 프레임에 갇히면 정권교체 힘들어""",청년,홍준표,향해,힘들,negative,홍준표 국민의힘 의원이 같은 당 윤석열 대선 후보를 향해 “가족 비리 프레임에 갇히면 정권교체가 힘들어질 것”이라고 경고했다. 
20211213,"윤석열, 이재명 맹공 ""부동산정책, 표 될만한 거 다 얘기해…文정부선 왜 못했나""",경제,윤석열,국민의힘,강하,netural,윤석열 국민의힘 대선 후보가 종합부동산세·다주택자 양도세 완화 정책을 추진하는 이재명 더불어민주당 대선 후보를 강하게 비판했다. 
20211213,"[더뉴스] 이재명, 외연 확장 속 '우클릭' 논란...대선 판세는?",경제,이재명,대해,거침없,nagative,"이재명 후보, 대구 경북 방문일정을 소화하면서 전직 대통령 공과에 대해서 거침없는 평가 발언도 내놨는데요. "
20211213,李 ‘다주택자 양도세 중과 1년 유예’ 제안에 尹 “왜 이 정부선 못했는지 의문” 평가절하,경제,윤석열,만나,그렇,netural,"먼저 윤석열 대선 후보는 13일 서울 강북구 미아동의 단독주택 재건축 정비구역을 방문한 뒤 기자들과 만나 “그렇게 쉽게 턴(turn)할 수 있는 것이면 왜 이 정부에선 못했는지, 그게 믿을 수 있는 건지 의문이 든다”고 의구심을 표했다. "
20211213,"尹 ""부동산 매각 장애 세제 개선…수도권 130만호 공급""",경제,이재명,대한,그렇,netural,"더불어민주당 이재명 후보가 주장하는 다주택자에 대한 종합부동산세 조정과 양도세 중과 유예와 관련해선 ""선거가 다가오니까 민주당도 뭐든지 표가 될 만한 건 다 이야기하자는 건데 그렇게 쉽게 턴(turn) 할 수 있는 거면 과연 이 정부에선 왜 못했는지, 과연 믿을 수 있는 건지 의문이 든다""고 꼬집었다. "
20211213,與 내부서도 불협화음…대선發 부동산세 대혼란,경제,윤석열,국민의힘,그렇,positive,"윤석열 국민의힘 대선 후보도 이날 ""(양도세 중과 완화가) 그렇게 쉽게 턴(turn)할 수 있는 것이면 왜 이 정부에서 못했는지, 그게 믿을 수 있는 것인지 의문이 든다""고 직격했다. "
20211213,"윤석열-오세훈 '미아동 동행'…""재개발·재건축 확대""",경제,이재명,밝힌,그렇,netural,"이재명 더불어민주당 대선 후보가 다주택자 양도소득세 중과를 유예하겠다고 밝힌 것에 대해서는 “선거가 다가오니까 민주당도 뭐든지 표가 될 만한 건 다 하자는 건데 그렇게 쉽게 바꿀 수 있는 것이었다면 이 정부에선 왜 못했는지, 과연 믿을 수 있는 건지 의문이 든다”고 지적했다. "
20211213,"윤석열 “수도권 130만호 공급, 세제 개선해 집값 잡겠다”",경제,이재명,향해,그렇,netural,"세제 완화를 거론한 이재명 후보를 향해선, 그렇게 쉽게 돌아설 수 있으면 이 정부에서는 왜 못했나라고 날을 세웠습니다. "
20211213,"[뉴스앤이슈] ""유능한 대통령"" 호소‥""전두환 성과"" 발언 논란",경제,이재명,대해,그렇,netural,"그런데 이재명 후보는 지금 앞부분에 공과, 성과에 대해서 그것도 TK 민심을 반영한 소통의 도구로 여러분들은 그렇게 생각하고 있는 것을 잘 압니다라고 객관적인 얘기를 했고요. "
20211213,[뉴있저] 보수 표심 파고드는 李...부동산 민심 공략 尹,경제,홍준표,따돌렸,그렇,netural,홍준표 후보와 유승민 후보도 따돌렸는데. 그렇다면 또 이재명 후보와 1:1 토론 못할 바도 아니다 
20211213,"[나이트포커스] 李, TK 순회 마무리...尹, 강북 재건축 현장 방문",경제,이준석,나오,그렇,netural,다만 이준석 대표나 김종인 지금 선대위원장이 너무 자주 나오고 언론의 중심에 서는 것은 사실은 윤석열 후보한테 그렇게 크게 도움이 된다고 보지 않습니다. 
20211213,"[정면승부] 이상민""전두환 발언 신중했어야"" 조경태""표만 보면 바뀌는 표멜레온""",경제,전두환,대해,나쁜,nagative,"박 전 대통령에 대해서는 큰 논란이 없는데, 전두환 씨에 대해서 그런 얘기를 해서 지금. 그러면 윤석열이 하면 나쁜 거고, 이재명이 하면 좋은 거냐. 이런 내로남불 논란에 지금 휩싸여 있는데 어떻게 생각하십니까. "
20211213,"이 “다주택자 양도세 중과, 1년 유예 추진하겠다”",경제,양도세,따라,다르,netural,"지난 6월부터 시행된 다주택자에 대한 양도세 중과 조치(10% 포인트 인상)를 1년간 유예하되, 주택 양도 시기에 따라 감면 비율을 다르게 정하겠다는 것이다. "
20211213,"당정 조율 없이 '깜짝카드'...""정책신뢰 허물고 희망고문 키워""",경제,문재인,강행해온,마뜩잖,nagative,부동산 불안에 트라우마를 갖고 있는 문재인 정부로서는 그간 강행해온 징벌적 규제 기조가 바뀐다고 인식돼 시장에 자극을 주는 것을 부담스러워 하는 상황에서 이 후보의 부동산 세금 정책이 마뜩잖다. 
20211213,"[정면승부] 이상민""전두환 발언 신중했어야"" 조경태""표만 보면 바뀌는 표멜레온""",경제,이상민,대해,별다른,netural,"◆ 이상민> 네, 그렇습니다. 가뜩이나 지금 윤석열 후보에 대해서는 별다른 경력도 없고, 국정 전반을 다룰 수 있는 기회가 없었던 분이 대선 후보에 나와서 앞으로 대한민국을 끌고 가겠다, 라고 국민들이 많이 불안을 하고 있거든요. "
20211213,"오세훈과 동행한 윤석열…“재개발-재건축 공급 늘리겠다""",경제,윤석열,국민의힘,새로운,positive,윤석열 국민의힘 대선 후보가 13일 “새로운 주택 공급뿐만 아니라 부동산을 매각하는 것에 장애가 될 만한 세제들을 개선해 주택이 매물로 나올 수 있게 여건 조성을 하겠다”고 밝혔다. 
20211213,[뉴있저] 보수 표심 파고드는 李...부동산 민심 공략 尹,경제,문재인,갈아엎,새로운,positive,보니까 그렇다면 문재인 정부와 이재명 정부는 다른데 똑같은 민주당 정권의 연장선상이 아니라 민주당을 오히려 갈아엎고 이재명 정부는 새로운 스타일로 갈 거라고 하는 비전을 계속 제시하고 있습니다. 
20211213,[뉴있저] 보수 표심 파고드는 李...부동산 민심 공략 尹,경제,윤석열,국민의힘,새로운,positive,"[윤석열 / 국민의힘 대선후보 : 기본적으로 적정 물량이 계속 시장에 들어와서 또 새로운 주택을 수요로 하는 그런 분들의 수요를 충족하고 이렇게 해서 원활한 수요, 공급의 과정을 통해서 안정적인 가격으로 예측 가능한 가격으로 시장이 형성돼야 되는데 이렇게 과거 정부에서 기획해 놨던 뉴타운 계획도 전부 해제하고 물량 공급을 너무 틀어쥐어서 오늘날의 이런 부동산 가격 폭등. 또 이 기조에서 벗어나지 않고 과거 기조를 그대로 답습을 해서 부동산 정책을 펴면 "
20211213,"[생생경제]이재명 ""다주택자 양도세 유예""매물 잠김 현상 해소 될 것, 보완 정책 고민해야",경제,윤석열,완화해주,약해,nagative,또 야당 후보인 윤석열 후보도 완화해주겠다고 하니까 너도 나도 야당 여당 다 완화해주겠다고 하면 결국에는 풀어주는 거 아니냐. 그럼 규제를 풀어주겠다는 거면 투기하라는 거냐? 정부의 규제 의지가 굉장히 약해지고 후퇴하는 거 아니냐? 집값 못 잡는 거 아니냐? 또 다시 오르는 거야? 라는 생각도 할 수 있기 때문에 이게 필요하면서도 굉장히 어려운 숙제이기도 합니다. 
20211213,"[시론] 윤석열과 이재명 당선, `여성`이 결정한다",경제,윤석열,대한,어떨,netural,윤석열 후보와 이재명 후보에 대한 여성 유권자 지지율 추세는 어떨까. 
20211213,"여야, 서로의 내부를 향한 '갈라치기' 점입가경",경제,김종인,책임지,어떻,netural,"김종인 위원장은 13일 중앙선대위 회의에서 “여당 이재명 후보는 5월9일까지 대한민국의 모든 것을 책임지는 문재인 대통령과 추경을 어떻게 할지 상의해야 한다”며, ‘여당의 정부 설득이 먼저’라는 윤석열 후보와 같은 입장을 보였다. "
20211213,"[더뉴스] 이재명, 외연 확장 속 '우클릭' 논란...대선 판세는?",경제,이재명,이어가,어떻,netural,보니까 이재명 후보가 최근 현 정부와 차별화하는 발언들을 계속 이어가고 있는데. 그런데 최근 발언 수위가 점점 올라가고 있어서 이 부분 전략적으로 어떻게 보십니까? 
20211213,"[더뉴스] 이재명, 외연 확장 속 '우클릭' 논란...대선 판세는?",경제,김병준,나오,어떻,netural,"마지막으로 짧게 한 가지만, 지난번에 제가 김병준 위원장님 나오셨을 때 질문했기 때문에 총괄상황실장으로서 보실 때 상대 후보인 윤석열 후보 평가를 하신다면 어떻게 평가하시겠습니까? "
20211213,"[정면승부] 조경태,이상민""대장동 특검안 빨리 제출해서 하자"" 의견일치",경제,조경태,대해,어떻,netural,"조경태 의원님, 일단 이 논란에 대해서 어떻게 생각하세요. "
20211213,"[나이트포커스] 李, TK 순회 마무리...尹, 강북 재건축 현장 방문",경제,윤석열,대한,어떻,netural,마는 지금 이재명 후보 같은 경우도 한시적 다주택자에 대한 양도세 중과 한시 유예 방안을 내놨고 또 윤석열 후보 같은 경우도 비슷한 세제 완화에 대한 정책을 갖고 있는데 어떻습니까? 
20211213,"與 ""윤석열 부인·장모 부동산 차명 관리"" 주장…野 ""허위 사실"" 반박",경제,김병기,숨겨,어려운,nagative,"현안 대응 TF 단장인 김병기 민주당 의원은 ""친인척과 동업자의 명의로 부동산을 숨겨 관리하는 것은 최은순 일가의 '패밀리 비즈니스'의 한 수법""이라며 ""배우자가 타인 명의로 부동산을 취득한 사실은 사생활이나 확인하기 어려운 사실이 아님에도 불구하고 아는 바 없다고 답변한 것으로 보아 윤 후보가 부동산 실명법 위반 가능성을 인지하고 있었던 것은 아닌지 의심된다""고 했다. "
20211213,"李, 사드 반대 남성이 던진 달걀 맞을 뻔...尹, 강북 재건축 현장 방문",경제,윤석열,국민의힘,어려운,nagative,[윤석열 / 국민의힘 대선 후보 : 책상에서 나오는 것이 아니고 현장에 가서 어려운 상황에 놓여있는 분들을 직접 만나서 얘기를 들어보면 거기서 정책이 나오고 답이 나오기 마련입니다. 
20211213,"국민의힘, ‘전두환 경제는 성과’ 이재명에 “우리당 후보 해도 되겠다”",경제,윤석열,국민의힘,이렇,netural,윤석열 국민의힘 대선 후보는 지난 11일 강원도 일정 중 기자들과 만나 이재명 더불어민주당 후보의 최근 발언에 대해 이렇게 평가했다. 
20211213,"[뉴스앤이슈] ""유능한 대통령"" 호소‥""전두환 성과"" 발언 논란",경제,안철수,움직이,이렇,netural,현재 안철수 후보께서 열심히 움직이고 계시니까 저희가 이렇다 저렇다 얘기할 건 아니지만 결국에 가서는 3월 임박해서 전체 정국 상황을 한번 봐야겠죠. 
20211213,"[정면승부] 조경태,이상민""대장동 특검안 빨리 제출해서 하자"" 의견일치",경제,이동형,돌릴,이렇,netural,"◇ 이동형> 이 의원님. 이재명 후보가 50조든 100조든 당신들 공으로 돌릴 테니까 지금 당장 이야기를 시작하자, 이렇게 얘기했는데 그 말을 반대로 바꾸면 50조든 100조든 정부, 특히 기재부가 반대하고 있으니까 공을 국민의 힘에 떠넘기는 거 아니냐. 이런 이야기도 있습니다. "
20211213,"[정면승부] 조경태,이상민""대장동 특검안 빨리 제출해서 하자"" 의견일치",경제,김건희,나오,이렇,netural,"지난주 김건희 씨 사생활 보도가 나오면서 여당에서는 여러 의혹에 대해 검증하라, 이렇게 요구하고 있는데 야당에서는 지나친 것 아니냐. 이런 주장하고 있습니다. "
20211213,"[나이트포커스] 李, TK 순회 마무리...尹, 강북 재건축 현장 방문",경제,전두환,대해,이렇,netural,그러다 보니까 전두환 씨에 대해서 얘기를 한 건데. 어쨌든 저는 이렇게 생각해요. 
20211213,"[나이트포커스] 李, TK 순회 마무리...尹, 강북 재건축 현장 방문",경제,진영,끌어모으,이렇,netural,그러면 좀 더 중도진영을 끌어모으려면 인물 중심이 아니라 정책 중심이 돼야 한다고 저는 생각하고 새시대준비위원회가 그런 부분들을 적극적으로 발굴해서 얘기하지 않으면 중도 확장에는 상당히 제한적일 거다 이렇게 생각합니다. 
20211213,"李, 文정부 부동산 정책 핵심 ‘세제-대출규제’ 흔들기… 靑속내는 ‘복잡’",경제,양도세,옭죄,적잖,nagative,특히 다주택자 양도세 중과는 현 정부가 임기 내내 다주택자를 옭죄어 왔다는 점에서 여권 내부에 적잖은 파장이 일고 있다. 
20211214,"박완주 ""다주택자 양도세 중과유예 법안, 이르면 이달 내 처리""",경제,윤후덕,잠김,가파르,nagative,"선대위 정책본부장인 윤후덕 의원은 CBS 라디오에서 한시적 유예조치로는 매물 잠김 현상이 해소되지 않을 것이라는 당내 우려에 대해 ""1년 전 유예 당시에는 부동산 가격이 지속적으로 가파르게 상승하는 국면이었다. 지금은 주택가격이 하향할 수 있다는 지표들이 나온다. 매도의 적기""라며 ""정책 환경이 변화한 만큼 한시적 유예의 정책적 효과가 날 것""이라고 했다. "
20211214,"박완주 ""다주택자 양도세 중과 유예 법안, 이르면 이달 처리""",경제,윤후덕,매물잠김,가파르,nagative,"한편, 선대위 정책본부장인 윤후덕 의원은 이날 라디오에 출연, 한시적 유예조치로는 매물잠김 현상이 해소되지 않을 것이라는 당내 우려에 대해 ""1년 전 유예 당시에는 부동산 가격이 지속적으로 가파르게 상승하는 국면이었다. 지금은 주택가격이 하향할 수 있다는 지표들이 나온다. 매도의 적기""라며 ""정책 환경이 변화한 만큼 한시적 유예의 정책적 효과가 날 것""이라고 말했다. "
20211214,"윤석열 ""아내, 전체적으론 허위경력 아냐""…與 ""문서위조는 징역형""",경제,이준석,국민의힘,과하,netural,이준석 국민의힘 대표는 “결혼 전 일을 갖고 윤 후보에게 책임을 묻는 것은 과하다고 생각한다”고 수습에 나섰다. 
20211214,"[뉴스큐] 與, '김건희 의혹' 총공세...尹 ""전체 허위는 아냐""",경제,김건희,나와,그럴,netural,"김건희 씨의 대응이 정말 진실되고 정확한 대응이 나와야 되는데 그럴 가능성, 그럴 자신이 있느냐. 이 부분이 쟁점이 아닌가 싶습니다. "
20211214,"오세훈과 공조 과시한 윤석열 “집값 폭등, 文정부 공급 틀어쥔 탓”",경제,이재명,꺼낸,직격,negative,"이재명 더불어민주당 후보가 종합부동산세 조정과 다주택자 양도세 중과 유예 카드를 꺼낸 데 대해선 “선거가 다가오니까 민주당도 뭐든지 표가 될 만한 건 다 이야기하자는 건데 그렇게 쉽게 턴(turn)할 수 있는 거면 과연 이 정부에선 왜 못했는지, 과연 믿을 수 있는 건지 의문이 든다”고 직격했다. "
20211214,"尹, 李 부동산 공약에 “선거 앞두고 무슨 말 못하겠나. 그렇게 할 거면 왜 이 정부서 못했나”",경제,이재명,대해,그렇,netural,"뉴시스에 따르면 이재명 후보가 양도세 중과유예, 종부세 완화 방침으로 선회한 데 대해선 ""선거가 다가오니까 민주당에서도 뭐든지 표될만한 거는 다 일단 얘기하자 하는 건데, 그게 그렇게 쉽게 턴할 수 있는 거면 왜 이 정부에서는 못했는지, 과연 그게 믿을 수 있는 건지 좀 의문이 든다""고 회의적인 반응을 보였다. "
20211214,"尹 ""文정부 부동산 정책 납득 안돼"" 전국 250만호 공급 재확인",경제,이재명,대해,그렇,netural,"더불어민주당 이재명 후보의 다주택자 종합부동산세 조정과 양도세 중과 유예 정책에 대해서는 ""민주당도 뭐든지 표가 될 만한 건 다 이야기 하자는 건데 그렇게 쉽게 턴(turn) 할 수 있는 거면 이 정부에선 왜 못했는지, 과연 믿을 수 있는 건지 의문이 든다""고 지적했다. "
20211214,"윤석열 “수도권 130만호 공급, 세제 개선해 집값 잡겠다”",경제,이재명,향해,그렇,netural,세제 완화를 거론한 이재명 후보를 향해선 그렇게 쉽게 돌아설 수 있으면 이 정부에서는 왜 못했나라고 날을 세웠습니다. 
20211214,"[뉴스큐] 與, '김건희 의혹' 총공세...尹 ""전체 허위는 아냐""",경제,전두환,대한,그렇,netural,마는 그럼에도 불구하고 역사적인 평가가 끝난 전두환 전 대통령에 대한 평가를 그렇게 내린다는 것은 아마 내부에서도 동의 못하는 그런 의견들이 많이 제기될 수밖에 없습니다. 
20211214,"[뉴스큐] 與, '김건희 의혹' 총공세...尹 ""전체 허위는 아냐""",경제,이재명,다니,기했,netural,"한 사람은 커튼 뒤에 있고 한 사람은 밖으로 열심히 뛰어다니는 모습이 이재명 후보에게 플러스 효과가 있죠, 당연히. 다만 조금 아쉬운 건 가뜩이나 이재명 후보가 교회 다니느냐, 마느냐라고 논란이 있는데 바로 또 스님을 만나는 게 전략적으로 신중을 더 기했으면 좋겠다는 생각이 듭니다. "
20211214,"[뉴스앤이슈] 이재명 ""다주택자 양도세 중과 유예""...안팎에선 '이견'",경제,이재명,뿌리,나빠,nagative,그런데 또 이재명 후보가 계속해서 재난지원금을 뿌리겠다고 했는데 국민여론이 나빠지니까 그걸 거둬들였거든요. 
20211214,[더뉴스] 김건희 '허위 경력' 일부 인정...배우자 리스크 커지는 尹,경제,현근택,대해,달라,netural,"지난주였던 것 같은데 현근택 대변인께서 윤석열 AI에 대해서 실제 모습하고 달라서 유권자의 판단을 흐리게 할 수 있다, "
20211214,"윤석열 “자영업자, 전쟁같은 현실…신속하게 지원해야”",경제,윤석열,국민의힘,똑같,netural,"윤석열 국민의힘 대선 후보는 14일 코로나19로 인해 고통을 받고 있는 소상공인과 자영업자들에 대해 “폭탄만 떨어지지 않았지, 이분들이 겪는 현실은 전쟁과 똑같다”면서 “국가가 이분들을 절벽에서 구조하지 않으면 더 많은 복지재정을 투입해야 하기 때문에 반드시 신속하게 (지원을) 해야 한다”고 말했다. "
20211214,"與 “윤석열 장모, 부동산 차명 보유했다 들통… 압류도 당해”",경제,김병기,이르,무서울,nagative,"김병기 TF 단장은 “양평 공흥동 특혜 개발 의혹, 양평 강상면 5필지 차명 소유 의혹, 성남 부동산 차명 투기 혐의에 이르기까지 김건희 패밀리의 부동산 집착은 무서울 정도”라며 “부동산투기를 위해서라면 농지법, 부동산실명법 위반, 사기, 사문서위조 및 동행사 등 온갖 불법행위를 자행했던 것으로 보인다”고 질타했다. "
20211214,김건희 ‘허위 경력’에 與 총공세…“‘조국 표창장’에 비할 수도 없는 중범죄”,경제,윤호중,국민의힘,문제없,positive,"윤호중 원내대표는 이날 오전 라디오 인터뷰에서 ‘이준석 국민의힘 대표는 결혼 전 일임을 감안해야 한다고 했다’는 사회자의 질문에 “과연 그것이 조국 가족에게 칼을 들이댔던 분들이 하는 이야기인지 의아스럽다”며 “김씨는 물론 윤 후보도 공소지효가 지나거나 검찰의 수사대상이 아닌 부분에 대해서만 ‘무혐의다’, ‘아무 문제없다’는 입장을 내놓고 있다”고 꼬집었다. "
20211214,"박완주 ""다주택자 양도세 중과유예 법안, 이르면 이달 내 처리""",경제,박완주,나오,빠른,positive,"박완주 민주당 정책위의장은 14일 기자간담회에서 이 후보의 다주택자 양도세 중과 1년 유예 방침과 관련해 '빠르면 12월 임시국회에서도 가능한가'라는 질문이 나오자 ""이 후보의 제안은 '빠른 입법화'의 문제""라면서 ""12월 임시국회 처리도 배제하지 않고 있다""고 밝혔다. "
20211214,"강성범 ""아줌마! 아니 윤희숙씨, 정치 참여 너무 빠른 것 아닌가?""",경제,윤석열,국민의힘,빠른,positive,"개그맨 강섬범씨가 최근 윤석열 국민의힘 대선 후보 선거대책위원회 산하 '내일이 기대되는 대한민국 위원회' 위원장을 맡은 윤희숙 전 의원을 향해 ""정치 참여 선언이 너무 빠른 것 아니냐""라고 비판했다. "
20211214,"강성범 ""아줌마! 아니 윤희숙씨, 정치 참여 너무 빠른 것 아닌가?""",경제,이재명,때리,빠른,positive,"그는 ""윤희숙씨 이제 의원 아니니까 씨라고 해도 된다. 임차인으로 떠서 이재명 더불어민주당 대선 후보 때리기로 자리 잡은 분""이라며 ""아버지 땅 투기 의혹으로 의원직을 내놓은 지 석 달도 안 돼 정치참여 선언을 했다. 아줌마! 아 아줌마라고 하면 안 되지. 윤희숙씨 너무 빠른 거 아닌가. 그러는거 아니다""라고 비난했다. "
20211214,"[뉴스앤이슈] 이재명 ""다주택자 양도세 중과 유예""...안팎에선 '이견'",경제,문재인,걸쳐,뼈아프,nagative,그런데 여기서 저희들이 주목해야 될 것은 부동산 정책에 관한한 문재인 대통령께서도 국민들께 수차례에 걸쳐서 송구스럽다는 말씀을 드렸고 이재명 후보와 민주당도 가장 뼈아프게 생각하는 부분이 바로 부동산 정책에 대한 실패입니다. 
20211214,김건희 나오나…'등판 시점'과 '尹 지지율'에 미칠 영향은,경제,윤석열,국민의힘,새롭,positive,윤석열 국민의힘 대선 후보의 부인 김건희씨의 허위경력 기재와 수상기록 부풀리기 의혹이 새롭게 제기됐다. 
20211214,"[뉴스앤이슈] 이재명 ""다주택자 양도세 중과 유예""...안팎에선 '이견'",경제,조국,대해,숱하,nagative,조국 장관에 대해서는 대통령께서도 이재명 후보도 그리고 민주당 당대표도 저도 숱하게 많은 사과들을 해 왔습니다. 
20211214,[광화문]양도세에 대한 정책신뢰? 그게 남아 있나,경제,양도세,내놓,심해,positive,양도세 때문에 다주택자들이 매물을 내놓지 않는다는 것은 어느 정도 사실이지만 양도세 중과를 유예하겠다고 하면 다주택자들은 내놓은 매물까지 거둬들여 매물잠김은 당분간 더 심해질 것이다. 
20211214,"[뉴스큐] 與, '김건희 의혹' 총공세...尹 ""전체 허위는 아냐""",경제,김대중,나서,아쉽,nagative,이를테면 IMF 때 김대중 대통령처럼 과거에 대공황에 루스벨트 대통령처럼 앞에 나서서 국민들과 고통이나 희로애락을 함께하는 모습을 보여줘야 되는 건데 아쉽게도 우리 문재인 대통령은 그렇게 역할하고 계시겠지만 막후 조율 중이거든요. 
20211214,[광화문]양도세에 대한 정책신뢰? 그게 남아 있나,경제,양도세,밝히,어떤,netural,양도세 중과 방침을 밝히기 전의 기준에 따라 샀던 사람과 그 이후에 샀던 사람을 구분하는 방식은 어떤가. 
20211214,김건희 ‘허위 경력’에 與 총공세…“‘조국 표창장’에 비할 수도 없는 중범죄”,경제,강병원,대해,어떻,netural,강병원 최고위원은 “대통령 후보 부인으로서 이런 국민적 의혹에 대해 어떻게 이렇게 가볍게 얘기할 수 있는지 정말 깜짝 놀랐다”며 “이런 식으로 가볍게 어물쩍 넘어가려고 하는 건 심각한 문제”라고 말했다. 
20211214,[뉴스큐] 김건희 허위 경력 논란...민주당 선대위 입장은?,경제,김건희,대해,어떻,netural,김건희 씨의 해명과 태도에 대해서는 어떻게 보셨어요? 
20211214,"[뉴스큐] 與, '김건희 의혹' 총공세...尹 ""전체 허위는 아냐""",경제,이재명,대해,어떻,netural,"그런데 이재명 후보가 그동안 문재인 정부 부동산정책에 대해서 여러 차례 사과를 했는데 TK 방문 때 다주택자 양도세 중과를 1년 정도 유예하는 게 어떻겠느냐, 이런 의견을 제시했고 바로 당이 후속조치를 준비하고 있습니다. "
20211214,"[뉴스큐] 與, '김건희 의혹' 총공세...尹 ""전체 허위는 아냐""",경제,윤석열,대한,어떻,netural,왜냐하면 윤석열 후보가 정권교체에 대한 열망을 충분히 받아들이지 못하고 있는 상황이기 때문에 그것을 현 정부와 각을 세울 수 있는 요인이 될 거고 반면에 이재명 후보 측은 어떻게 보면 확장성의 한계를 보여주지 않고 있습니까? 
20211214,[김명호 칼럼] 이재명의 사과 vs 윤석열의 실용,경제,이재명,부러지,어려울,nagative,이재명은 방향성을 딱 부러지게 말하기가 어려울 수 있겠다. 
20211214,“유예 효과적” “정책 신뢰 무너져” 李 ‘양도세 완화 발언’ 여진,경제,강병원,잠김,어려워,nagative,강병원 “한시적으로 유예해도 매물 잠김을 해소하긴 어려워” 
20211214,‘김혜경’ 띄우고 ‘김건희’ 비판하는 민주당 선대위,경제,김병기,둘러싼,어렵,nagative,김병기 현안대응 TF 단장은 14일 기자회견에서 “윤석열 후보의 장모 최은순씨 등 가족을 둘러싼 의혹이 한두가지가 아니다”라면서 “오늘 공개해드린 공소장 과징금 처분서 압류 내역을 보면 부동산을 향한 김건희 일가 열정은 외면하기 어렵다”고 비난했다. 
20211214,"이재명式 부동산 정책 뒤집기…""일관성 훼손·대선 전 매물 안나와"" 지적",경제,문재인,삼아온,어렵,nagative,문재인 전부 임기 내내 징벌적 과세 대상으로 삼아온 다주택자에게 기존의 방침을 번복해 세제혜택을 주자는 이 후보의 주장이 정책 일관성을 훼손할 뿐 아니라 실질적인 매물 출회 효과도 거두기 어렵다는 이유에서다. 
20211214,"실수였나, 계산이었나…李, 이번엔 4번이나 ""전두환 범죄자""",경제,안민석,나와,올바르,positive,"이날 민주당 선대위 총괄특보단장인 안민석 의원도 CBS 라디오에 나와 “광주 시민 뿐 아니라 우리 국민 전체가 역사적 평가에 대한, 특히 전직 대통령에 대한 평가가 각 지역마다 너무 불균형하고 한쪽으로 너무 치우치지 않냐”며 “이런 부분은 사실 어느 정도 공과 과를 올바르게 판단할 필요가 있는 것”이라고 '전두환 공과'발언을 엄호했다. "
20211214,"""이재명 다주택자 종부세 완화? 시골 움막처럼 억울한 사례 살피자는 것""",경제,양도세,대해,이렇,netural,"먼저 ‘다주택자 양도세 중과 1년 유예’ 제안에 대해서는 “당내에서 논의 중인데 찬반이 엇갈린다”면서도 “작년 5월 말까지도 (다주택자에게) 계속 팔아라, 다주택에서 빠져나가시라, 이렇게 얘기하며 유예해줬었는데 효과가 없었다는 검토 의견이 있다”며 부정적 입장을 내비쳤다. "
20211214,"이재명발 '다주택자 양도세 중과 유예'에 與 혼란... ""소급 적용은 어찌하나""",경제,윤호중,빠져나가,이렇,netural,"윤호중 원내대표는 14일 MBC라디오 인터뷰에서 “다주택에서 빠져나가시라, 이렇게 했었는데 그 효과가 별로 없었다는 검토 의견도 있다”며 내부 불만이 적지 않다는 점을 시사했다. "
20211214,"[뉴스큐] 與, '김건희 의혹' 총공세...尹 ""전체 허위는 아냐""",경제,윤석열,대해,이렇,netural,윤석열 후보는 오늘 관훈클럽 토론회에 참석했는데 김건희 씨 관련 의혹에 대해서 이렇게 입장을 밝혔습니다. 
20211214,"李, 文정부의 ‘양도세 중과-대출 규제’ 흔들기… 당내 “역풍 우려”",경제,양도세,옥죄,적잖,nagative,특히 다주택자 양도세 중과는 현 정부가 임기 내내 다주택자를 옥죄어 왔다는 점에서 여권 내부에 적잖은 파장이 일고 있다. 
20211214,李 던지면 뒤쫓기 바쁜 與…양도세 혼선 속 중과유예 밀어붙이기,경제,김종배,늘어난,폭넓,netural,그는 이날 MBC라디오 ‘김종배의 시선집중’에서 올해 51조원 가량의 초과 세수가 발생한 것을 언급하며 “부동산 가격이 과도하게 상승해서 세수가 늘어난 부분에 대해서 국민들에게 부담이 될 수 있다는 부분의 지적이 있다”며 “국민세부담을 경감시키는 방안에 대해서 폭넓게 검토하고 있는 것으로 알고 있다”고 전했다. 
20211214,"與, 양도세 혼선 속 중과유예 ‘밀어붙이기’",경제,김종배,늘어난,폭넓,netural,그는 이날 MBC라디오 ‘김종배의 시선집중’에서 올해 51조원 가량의 초과 세수가 발생한 것을 언급하며 “부동산 가격이 과도하게 상승해서 세수가 늘어난 부분에 대해서 국민들에게 부담이 될 수 있다는 부분의 지적이 있다”며 “국민세부담을 경감시키는 방안에 대해서 폭넓게 검토하고 있는 것으로 알고 있다”고 전했다. 
20211214,"홍준표, 윤석열에 쓴소리 ""부인-장모 프레임에 갇히면 진다""",경제,홍준표,향해,힘들,nagative,"홍준표 국민의힘 의원이 윤석열 대선후보를 향해 ""걱정이 앞선다""며 ""부인, 장모 비리 프레임에 갇히면 정권교체가 참 힘들어질 것""이라고 조언했다. "
20211213,n번방 방지법을 ‘검열법’ 몰고 간 윤석열…‘고양이 짤’에 밀리는 여성인권,여성,윤석열,국민의힘,거세,negative,"윤석열 국민의힘 대선후보는 12일 자신의 페이스북에서 “‘엔번방 방지법’ 시행으로 혼란과 반발이 거세다. 엔번방 방지법은 제2의 엔번방 범죄를 막기에는 역부족인 반면, 절대 다수의 선량한 시민들에게 ‘검열의 공포’를 안겨준다”며 이준석 당대표의 재개정 추진 입장에 동의한다고 밝혔다. "
20211213,"[더뉴스] 이재명, 외연 확장 속 '우클릭' 논란...대선 판세는?",여성,이재명,대해,거침없,negative,"이재명 후보, 대구 경북 방문일정을 소화하면서 전직 대통령 공과에 대해서 거침없는 평가 발언도 내놨는데요. "
20211213,"[사설]n번방 방지법, 윤석열이 말하는 ‘검열법’ 아니다",여성,윤석열,국민의힘,귀여운,positive,"윤석열 국민의힘 대선 후보는 지난 12일 페이스북에 올린 글에서 “n번방 방지법은 제2의 n번방 범죄를 막기에는 역부족인 반면, 절대 다수의 선량한 시민들에게 ‘검열의 공포’를 안겨준다”며 “귀여운 고양이, 사랑하는 가족의 동영상도 검열 대상이 된다면, 그런 나라가 어떻게 자유의 나라겠느냐”고 말했다. "
20211213,"펨코 '친홍', 클리앙 '친이'…커뮤니티 정치성향 '전국지도'",여성,이재명,지난,나쁘,negative,이재명 더불어민주당 대선 후보는 지난 9일 펨코에 ‘펨붕이들 안녕하세요? 이재명입니다’라는 제목의 글을 올려 “여기에서 나오는 정책 제안이나 비판 글을 제가 한 마디라도 더 보고 가면 나쁘진 않을 것”이라며 “뭐든 남겨만 주시고 불러만 달라. 쓴소리 단소리 뭐든 좋다”고 호소했다. 
20211213,"'보수' 펨코 vs '진보' 오유…엠팍, 조국사태 후 反與로",여성,이재명,지난,나쁘,negative,이재명 민주당 대선 후보는 지난 9일 펨코에 ‘펨붕이들 안녕하세요? 이재명입니다’라는 제목의 글을 올려 “여기에서 나오는 정책 제안이나 비판 글을 제가 한마디라도 더 보고 가면 나쁘진 않을 것”이라며 “뭐든 남겨만 주시고 불러만 달라. 쓴소리 단소리 뭐든 좋다”고 호소했다. 
20211213,"나홀로 ""쥴리, 건진요"" 외치는 秋…여권서도 ""부끄러울 지경""",여성,쥴리,건진,부끄러울,negative,"나홀로 ""쥴리, 건진요"" 외치는 秋…여권서도 ""부끄러울 지경"" "
20211213,“부끄럽다” 與 쓴소리에도… 또 김건희 겨눈 秋 “한 여성의 얼굴찾기 놀이 아냐”,여성,추미애,국민의힘,부끄럽,negative,"추미애 전 법무부 장관. 뉴시스 윤석열 국민의힘 대선후보의 배우자 김건희씨를 둘러싼 의혹 관련 성형설 등 일부 공격에 대해 여권 내부에서 “부끄럽다”는 쓴소리가 나온 가운데, 추미애 전 법무부 장관은 13일 “‘쥴리 찾기’는 얼굴 찾기 놀이가 아니다. 공적 검증의 무대에 거짓으로 설 수 없기 때문”이라며 김씨를 거듭 저격했다. "
20211213,"""민주당 부끄럽지 않나""…손혜원 '김건희 얼평' 비난 확산",여성,윤석열,국민의힘,부끄럽,negative,"윤석열 국민의힘 대선후보의 부인 김건희씨가 과거 '쥴리'라는 예명으로 유흥업소에서 일했다는 의혹이 또 다시 제기되면서 국민의힘이 이에 대한 법적 대응을 예고한 상황에서 손혜원 전 더불어민주당 의원이 김씨의 '성형설'을 제기하는 듯한 글을 올려 논란이 확산하고 있는 가운데 강민진 청년정의당 대표가 ""부끄럽지 않냐""고 손 전 의원을 향해 신랄한 비판을 내놨다. "
20211213,"추미애·손혜원, 김건희 의혹 제기하자…민주당서도 ""부끄럽다""",여성,손혜원,국민의힘,부끄럽,negative,"하헌기 더불어민주당 청년대변인(선대위 부대변인)은 13일 손혜원 전 의원이 윤석열 국민의힘 대선후보 배우자인 김건희 씨의 성형 의혹 제기와 관련해 ""부끄럽다""고 말했다. "
20211213,"손혜원·추미애, 김건희 맹공에…""구태해도 한참 구태""",여성,윤석열,국민의힘,부끄럽,negative,"윤석열 국민의힘 대선 후보의 배우자 김건희씨를 두고 성형 의혹 등 각종 의혹이 쏟아진 것에 대해 13일 더불어민주당 내부에서도 ""부끄럽다""는 비판의 목소리가 나왔다. "
20211213,"[제20대 대선]민주당 울산시당, 이재명선대위 출범",여성,송영길,통해,새로운,positive,송영길 대표는 영상을 통해 “울산은 더불어민주당과 문재인 정부에서 새로운 비전을 만들어가는 곳이며 해상풍력뿐만 아니라 북극항로가 개척되면 액체중점항구로 북방경제로 연결되는 새로운 경제중심지”라며 “부울경 메가시티와 울산의 도약을 위해 이재명과 함께 새로운 미래로 나아가자”고 말했다. 
20211213,"[제20대 대선]민주당 울산시당, 이재명선대위 출범",여성,문재인,만들어가,새로운,positive,송영길 대표는 영상을 통해 “울산은 더불어민주당과 문재인 정부에서 새로운 비전을 만들어가는 곳이며 해상풍력뿐만 아니라 북극항로가 개척되면 액체중점항구로 북방경제로 연결되는 새로운 경제중심지”라며 “부울경 메가시티와 울산의 도약을 위해 이재명과 함께 새로운 미래로 나아가자”고 말했다. 
20211213,"김정화, ‘이재명 지원사격’ 이해찬 저격 “민심의 바다에 ‘썩은 배’ 띄워봐야…”",여성,김정화,나선,소용없,negative,"김정화 전 민생당 대표가 이재명 더불어민주당 대선 후보 지원사격에 나선 이해찬 전 대표를 겨냥해 ""민심의 바다에 '썩은 배'를 띄워봐야 소용없다""면서 ""한 번 속지, 두 번 속겠나""라고 날카롭게 대립각을 세웠다. "
20211213,"[정면승부] 현근택 ""김건희 리스크 없다는 이준석, 그러면 김건희 나오면 돼""",여성,이동형,지난,시끄러운,negative,◇ 이동형> 지난 주말 이준석 대표가 돌연 'N번방 방지법'을 들고 나와서 지금 시끄러운 것 같습니다. 
20211213,"[시론] 윤석열과 이재명 당선, `여성`이 결정한다",여성,윤석열,대한,어떨,neutral,윤석열 후보와 이재명 후보에 대한 여성 유권자 지지율 추세는 어떨까. 
20211213,"[더뉴스] 이재명, 외연 확장 속 '우클릭' 논란...대선 판세는?",여성,이재명,이어가,어떻,neutral,보니까 이재명 후보가 최근 현 정부와 차별화하는 발언들을 계속 이어가고 있는데. 그런데 최근 발언 수위가 점점 올라가고 있어서 이 부분 전략적으로 어떻게 보십니까? 
20211213,"[더뉴스] 이재명, 외연 확장 속 '우클릭' 논란...대선 판세는?",여성,김병준,나오,어떻,neutral,"마지막으로 짧게 한 가지만, 지난번에 제가 김병준 위원장님 나오셨을 때 질문했기 때문에 총괄상황실장으로서 보실 때 상대 후보인 윤석열 후보 평가를 하신다면 어떻게 평가하시겠습니까? "
20211213,李 “자유에는 한계가 있다” VS 尹 “선량한 시민에 검열 공포 안겨준다”,여성,이준석,국민의힘,어려워,negative,"이준석 국민의힘 대표는 지난 10일 시행된 n번방 방지법에 대해 ""n번방 사건에서 유통경로가 되었던 텔레그램 등에는 적용이 어려워 결국 실효성이 떨어지는 조치다. 기준의 모호함에 더해 헌법 18조가 보장하는 통신의 자유를 심하게 침해할 소지가 있다""며 당 차원의 재개정 추진 입장을 밝힌 바 있다. "
20211213,"""그저 커진 눈동자가 신기""…손혜원 또 김건희 '얼평'",여성,허은아,국민의힘,이렇,neutral,"한편, 허은아 국민의힘 수석대변인은 이날 손 전 의원과 진 검사 등 친여 성향 인사들이 김씨의 외모를 SNS 상에서 언급해 논란이 된 것을 두고 ""민주당과 여권 관계자들은 국민들의 관심을 악용하지 말라""며 ""신이 나서 저잣거리 뒷담화 수준의 얘기를 공개적으로 들고나오는 여권 사람들을 보면 기가 막힐 뿐""이라면서 이렇게 목소리를 높였다. "
20211214,"홍준표 ""결혼 전 일 모두 납득되면 '이재명 전과 4범' 모두 용서해야""",여성,홍준표,배우,거세,negative,"홍준표 국민의힘 의원이 윤석열 대선 후보 배우자 김건희씨를 둘러싼 논란이 거세지는 데 대해 ""한 여성이 대선판을 흔들고 있다. 안타까운 일""이라고 밝혔다. "
20211214,"홍준표 ""결혼 전 일 모두 납득되면 '이재명 전과 4범' 모두 용서해야""",여성,이준석,대해,과하,negative,"이준석 ""결혼 전 일에 대해서 후보에게 책임을 묻는 것은 과하다"" "
20211214,"""이여자보다 이남자 먼저""… 윤석열의 전략은 분명하다",여성,이준석,국민의힘,괜찮,positive,"이준석 국민의힘 대표는 13일 하태경 의원이 주최한 ‘온라인 커뮤니티 사전검열법 이대로 괜찮은가’ 긴급토론회에 참석해 “N번방 사건은 근절돼야 할 심각한 범죄이지만, 이를 막으려면 다른 권리를 침해하지 않는 방향이어야 한다”고 말했다. "
20211214,[뉴스라이브] 민주당 안팎서 '李 띄우기' 총력'...'배우자 리크스' 커진 尹,여성,이해찬,띄우,그렇,neutral,"이해찬 대표, 유시민 전 장관 등등이 같이 이재명 띄우기에 나서는 그런 반열에 섰는데 그렇게 되는 자연스러운 배경이 있어요. "
20211214,[더뉴스] 김건희 '허위 경력' 일부 인정...배우자 리스크 커지는 尹,여성,현근택,대해,달라,neutral,"지난주였던 것 같은데 현근택 대변인께서 윤석열 AI에 대해서 실제 모습하고 달라서 유권자의 판단을 흐리게 할 수 있다, "
20211214,"황교익 “日방송에도 ‘쥴리’ 등장…김건희, 당당하게 진실 밝히라”",여성,강민진,지난,부끄럽,negative,"한편 청년정의당 강민진 대표는 지난 11일 여권이 김건희씨가 접대부로 활동했다는 쥴리설을 제기하고 있는 것에 대해 “대선 시기에 고작 한다는 이야기가 여성 배우자의 성적인 과거 이력 의혹 제기와 얼평(얼굴 평가)뿐이라니, 민주당 스스로는 부끄럽지 않으냐”라고 했다. "
20211214,홍준표 ‘김건희 논란’에 “한 여성이 대선판 흔들어”,여성,홍준표,둘러싼,안타까움,negative,홍준표 국민의힘 의원이 윤석열 대선 후보의 부인 김건희씨를 둘러싼 논란이 점입가경으로 치닫는 상황에 대해 안타까움을 내비쳤다. 
20211214,[김명호 칼럼] 이재명의 사과 vs 윤석열의 실용,여성,이재명,부러지,어려울,negative,이재명은 방향성을 딱 부러지게 말하기가 어려울 수 있겠다. 
20211214,[뉴스라이브] 민주당 안팎서 '李 띄우기' 총력'...'배우자 리크스' 커진 尹,여성,추미애,대한,이렇,neutral,"거기에 대해서 추미애 전 장관은 단순히 얼굴에 대한, 성명에 대한 그런 얘기가 아니라 공직자 배우자, 대통령 배우자가 될 수도 있는 사람의 과거를 검증하는 것이고 그리고 김건희 씨가 거짓한 것이 아니냐고 하는 그런 취지에서 문제제기를 하고 있다고 이렇게 얘기를 하고 있는 셈인데. 그런데 사실 쥴리 문제는 과거에도 윤석열 후보에 대한 지지 여부와 별개로 시민사회에서 여러 가지 비판이 나왔던 게 여성에 대한 공격이 지나치다는 그런 비판도 있었고 설령 그것이 "
20211214,"이재명, 양도세 완화 당내 이견...윤석열, 토론회서 의혹 해명",여성,윤석열,국민의힘,이렇,neutral,"[윤석열 / 국민의힘 대선 후보 : 문재인 정권의 검찰개혁이 만약 성공했다면, 제가 이렇게 대통령 후보가 됐겠습니까? "
20211214,"이재명, 양도세 완화 당내 이견...윤석열, 토론회서 의혹 해명",여성,윤석열,국민의힘,이렇,,"[윤석열 / 국민의힘 대선 후보 : 문재인 정권의 검찰개혁이 만약 성공했다면, 제가 이렇게 대통령 후보가 됐겠습니까? "
20211214,"이재명, 양도세 완화 당내 이견...윤석열, 토론회서 의혹 해명",여성,윤석열,국민의힘,이렇,neutral,"[윤석열 / 국민의힘 대선 후보 : 문재인 정권의 검찰개혁이 만약 성공했다면, 제가 이렇게 대통령 후보가 됐겠습니까? "
20211214,"이수정 ""줄리? 젊고 아름다운 여자 음해하는 음란판타지""",여성,이수정,대해,터무니없,negative,"이수정 국민의힘 공동선대위원장이 여권의 '김건희 의혹' 공세에 대해 ""국모라는 아이디어 자체가 너무 올드하다. 조선 시대도 아니고 무슨 국모냐""며 ""특히 줄리설은 터무니없는 젊은 아름다운 여자들을 음해하는 정말 음란 판타지에 불과하다""고 지적했다. "
20211214,"이수정 ""쥴리 의혹, 여성 음해하는 음란 판타지… 불법행위 유죄 땐 책임져야""",여성,이수정,둘러싼,터무니없,negative,"이수정 국민의힘 중앙선거대책위원회 공동선대위원장이 14일 윤석열 대선 후보의 부인 김건희 씨를 둘러싼 이른바 '쥴리 의혹'에 관해 ""여성을 음해하는 터무니없는 음란 판타지에 불과하다""고 말했다. "
20211214,"홍준표의 경고 ""부인·장모 비리 프레임에 갇히면 정권교체 힘들어""",여성,홍준표,갇히,힘들,negative,"홍준표의 경고 ""부인·장모 비리 프레임에 갇히면 정권교체 힘들어"" "
20211214,"홍준표의 경고 ""부인·장모 비리 프레임에 갇히면 정권교체 힘들어""",여성,홍준표,향해,힘들,negative,홍준표 국민의힘 의원이 같은 당 윤석열 대선 후보를 향해 “가족 비리 프레임에 갇히면 정권교체가 힘들어질 것”이라고 경고했다. 
20211211,경북에서 박정희 띄우고 전두환 ‘성과’ 언급한 이재명,환경,이재명,나눠,나쁘,negative,이재명 더불어민주당 대선 후보가 11일 경북 지역을 방문해 “진영을 나눠 니편은 무조건 나쁘고 내편은 무조건 옳다고 할 게 아니다”라며 박정희 전 대통령을 치켜세웠다. 
20211212,"이재명, 박정희 이어 “전두환 경제 성과”…여권서도 “내로남불”",환경,이재명,만들,다를,netural,그러면서 “이재명은 문재인도 아니고 윤석열도 아니다”라며 “이재명이 만들 세상은 지금까지와 다를 것”이라고 강조했다. 
20211211,‘이재명의 민주당은?’ 질문에 “발목 잡으면 뿌리치면 돼”,환경,이재명,바꿔,이렇,netural,"이 후보는 “민주당이 압도적인 주류 세력이 현재 됐지만 밀려나게 생겼다”며 “국민이 다 맡겨 놨더니 하는 것도 없고, 하는 느낌도 없고, 뭔가 해야 하는데 속도는 느려서 복장 터져 죽겠다. 뭔지 모르겠지만 아무튼 바꾸자. 이재명이 괜찮은 것 같은데 일단 바꿔 이렇게 된 것”이라고 자신이 대선 후보로 선출된 것에 의미를 부여했다. "
20211214,민주노총 “내년 1월 진보진영 대선후보 단일화”… 尹·李 작심 비판도,환경,강경화,만나,변함없,netural,국제노동기구(ILO) 사무총장 선거에 출마한 강경화 전 외교부 장관과 관련해서는 “15일 오후 3시에 만나기로 했다”며 “출마가 부적절하다는 입장은 변함없다”고 강조했다. 
20211212,이재명 “민주당도 저를 뽑았으니 제 철학·가치·비전에 맞춰 변해야”,환경,이재명,바꿔,이렇,netural,"이 후보는 ""민주당이 압도적인 주류 세력이 현재 됐지만 밀려나게 생겼다""며 ""국민이 다 맡겨 놨더니 하는 것도 없고, 하는 느낌도 없고, 뭔가 해야 하는데 속도는 느려서 복장 터져 죽겠다. 뭔지 모르겠지만 아무튼 바꾸자. 이재명이 괜찮은 것 같은데 일단 바꿔 이렇게 된 것""이라고 후보 선출 과정을 자평했다. "
20211212,‘박정희 산업대전환’ 강조한 이재명…“TK는 제가 묻힐 곳”,환경,엄경영,높이,과하,positive,여론 전문가인 엄경영 시대정신연구소장은 “이 후보의 TK 강행군이 관심을 높이는 데는 효과는 있을 것”이라며 “다만 특정 지역에 과하게 집중하면 2030이나 여성 등 전략적으로 접근해야 할 연령대에선 표심을 잃을 수 있다”고 전망했다. 
20211213,"“SMR로 가야한다”는 안철수와 기후청년이 공감대?…아뇨, 반박했는데요!",환경,오지혁,내놓,어떻,netural,오지혁 청년기후긴급행동 공동대표는 “말에 상응하는 과감한 대책을 내놓지 않고 ‘경제성장을 어떻게 할 거냐’는 이야기에 굉장히 쉽게 무릎 꿇는 모습을 많이 봐 왔다”고 지적했다. 
20211214,"기후정치 후퇴하나…이재명은 ‘원전 모호’, 윤석열은 ‘탈석탄 모호’",환경,안재훈,줄이,어렵,negative,"안재훈 환경운동연합 에너지기후국장은 에 “대선 후보들이 석탄을 획기적으로 줄이겠다는 계획을 내놓지도 않고 있다. 오히려 현 정부가 세운 것조차도 달성하기 어렵다는 태도가 보인다”며 “지난 대선에 비해서 많은 후보들이 원전의 안전성, 사고의 위험, 폐기물 문제를 망각하고 있다고 생각한다. 이 후보도 현 정부의 에너지 전환이나 탈원전 정책에 대해 시류에 따라서 바꿀 수 있다는 것처럼 얘기하고 있다. 현 정부의 원전 정책보다 후퇴하는 정책을 내놓는 것은 무책 "
20211211,"고향 찾은 이재명 ""이제는 바뀌어야할 때…안동이 키운 이재명 지지해달라"" 호소",환경,이재명,나섰,반갑,positive,"이날 이재명 후보는 경북지역 지방의원 지지선언 기자회견에 나섰고, 저녁에는 경북 봉화지역을 찾아 만산고택에서 모교인 예안초등학교 삼계분교 은사, 고향 선후배들과 만나 '반갑다 친구야'를 주제로 한 '명심스테이' 시간을 가진다. "
20211212,민주당 부동산 세금폭탄 밀어부치더니…대선 앞두고 주춤,환경,송인호,줄일,어려웠,negative,"송인호 한국개발연구원(KDI) 부동산연구팀장은 ""공시지가를 조정하면 1주택자에게만 따로 혜택을 적용할 수 없어 다주택자의 세 부담이 완화되고, 단기적으로 공급 물량도 줄일 것으로 예상된다""며 ""그간의 부동산정책 운용 방식을 감안하면 정부·여당 입장에서는 가장 꺼내 들기 어려웠을 보완책""이라고 설명했다. "
20211214,"[레이더P] 이재명·윤석열, 전직 대통령 이름 자주 꺼내는 까닭",환경,김대중,대한,다르,netural,"김대중, 전두환, 박정희, 이명박, 박근혜 전 대통령에 대한 두 후보의 태도는 비슷한 듯 다르다. "
20211214,"[레이더P] 이재명·윤석열, 전직 대통령 이름 자주 꺼내는 까닭",환경,이재명,버금가,새로운,netural,"그러면서 ""(이재명의) 에너지 고속도로는 박정희 시대의 산업화 고속도로, 김대중 시대의 정보화 고속도로에 버금가는 새로운 산업 체제의 상징이 되지 않을까 생각한다""고 했다. "
20211212,"'李 브레인' 하준경 ""기본소득 부담을 대기업이? 생각한적 없어""",환경,하준경,해보,어떻,netural,"12일 경기도 안산시 한양대 에리카캠퍼스에서 머니투데이 더300(the300)과 만난 하준경 한양대 경제학부 교수는 이재명 더불어민주당 대선후보가 최근 삼성경제연구소를 방문해 이재용 삼성전자 부회장에게 ""삼성이 기본소득 이야기를 해보는 것이 어떻겠느냐""고 언급한 것을 비판하는 시각에 대해 이렇게 일축했다. "
20211212,"'李 브레인' 하준경 ""기본소득 부담을 대기업이? 생각한적 없어""",환경,이재명,해보,어떻,netural,"-이재명 후보가 삼성경제연구소를 방문해 ""삼성이 기본소득 이야기를 해보는 것이 어떻겠느냐. 사실 이재용 삼성전자 부회장에게 말했다""고 언급한 것을 두고 '기본소득 재원을 삼성이 부담하라는 것 아니냐'는 비판이 많은데. "
20211213,"TK서 '경제대통령' 외친 李, 중도·진보 인사 끌어안는 尹",환경,이재명,국민의힘,뜨거운,netural,이재명 더불어민주당 대선후보와 윤석열 국민의힘 대선후보가 12일 각자 외연확장에 주력하면서 뜨거운 주말대회전이 펼쳐졌다. 
20211213,"이재명 '전두환 옹호' 논란…與 ""윤석열과 달라"" vs 野 ""딱하다""",환경,김대중,대한,다르,negative,"그는 ""가령 광주에서 김대중 전 대통령에 대한 평가와 대구·경북에서의 평가가 다르듯이 전두환, 박정희 전 대통령에 대한 평가도 차이가 있다""며 ""역사적 인식의 지역적 차이를 이 후보 발언을 계기로 좁히는 계기가 됐다고 보고 싶다""라고 설명했다. "
20211213,"이재명 '전두환 옹호' 논란…與 ""윤석열과 달라"" vs 野 ""딱하다""",환경,윤석열,국민의힘,다르,negative,"이어 '윤석열 국민의힘 대선 후보가 전 전 대통령이 인사는 잘했다는 발언을 했을 때 민주당에서 공세를 취했기 때문에 표리부동한 게 아니냐는 지적이 있다'는 사회자의 질문에 ""윤 후보가 전 전 대통령을 치하한 발언과는 결이 다르다""라고 답했다. "
20211213,"이재명 '전두환 옹호' 논란…與 ""윤석열과 달라"" vs 野 ""딱하다""",환경,박정희,대해,새로운,positive,"박정희 전 대통령에 대해서는 ""대구·경북이 낳은, 평가는 갈리지만 매우 눈에 띄는 정치인""이라며 ""우리가 겪고 있는 기후위기, 디지털 전환, 팬데믹을 활용해 국가의 대대적 투자를 통해 박 전 대통령이 한 것처럼 강력한 경제 부흥 정책을 취하는, 그를 통해서 새로운 산업을 대대적으로 창출해내고 그 속에서 새로운 일자리가 생기는 것""이라고 말했다. "
20211212,"李, TK 방문해 ""박정희, 전두환 경제성과는 인정""···보수 민심 공략",환경,진영,나눠,나쁘,negative,"그러면서 ""우리가 진영을 나눠 네 편은 무조건 나쁘고 내 편은 무조건 옳다고 할 것이 아니다""라며 ""모든 일에는 공과가 있고 그늘도, 양지도 있다. 잘한 부분은 칭찬하고 잘못된 부분은 책임을 물어야 한다""고 말했다. "
20211212,"""전두환, 경제 잘 했다""는 李… 중도층 확장전략 효과 글쎄?",환경,윤석열,국민의힘,거센,negative,"앞서 윤석열 국민의힘 대선 후보도 ""전두환이 정치를 잘 했다""는 옹호 발언으로 정치권과 호남지역 유권자들로부터 거센 비판을 받았다. "
20211212,"""전두환, 경제 잘 했다""는 李… 중도층 확장전략 효과 글쎄?",환경,홍성걸,위한,어떻,netural,"홍성걸 국민대 교수는 ""이 후보의 발언은 중도층 표를 위한 것이었다고 해석이 가능하다. 발언 내용은 이전 윤 후보와 대동소이한 내용""이라며 ""대구 경북 유권자들이 어떻게 받아들일지는 정확히 알 순 없지만, 지지율에 큰 영향을 미치기는 어렵다고 본다""고 말했다. "
20211213,"[더뉴스] 이재명, 외연 확장 속 '우클릭' 논란...대선 판세는?",환경,이재명,대해,거침없,positive,"이재명 후보, 대구 경북 방문일정을 소화하면서 전직 대통령 공과에 대해서 거침없는 평가 발언도 내놨는데요. "
20211213,"[더뉴스] 이재명, 외연 확장 속 '우클릭' 논란...대선 판세는?",환경,이재명,이어가,어떻,negative,보니까 이재명 후보가 최근 현 정부와 차별화하는 발언들을 계속 이어가고 있는데. 그런데 최근 발언 수위가 점점 올라가고 있어서 이 부분 전략적으로 어떻게 보십니까? 
20211213,"[더뉴스] 이재명, 외연 확장 속 '우클릭' 논란...대선 판세는?",환경,김병준,나오,어떻,netural,"마지막으로 짧게 한 가지만, 지난번에 제가 김병준 위원장님 나오셨을 때 질문했기 때문에 총괄상황실장으로서 보실 때 상대 후보인 윤석열 후보 평가를 하신다면 어떻게 평가하시겠습니까? "
20211213,"[현장영상] 이재명 ""직접 다녀본 대구·경북 바닥 민심, 생각과는 달라""",환경,이재명,다녀본,달라,netural,"이재명 ""직접 다녀본 대구·경북 바닥 민심, 생각과는 달라"" "
20211213,"[현장영상] 이재명 ""직접 다녀본 대구·경북 바닥 민심, 생각과는 달라""",환경,문재인,대해,어떻,netural,오늘 문재인 대통령이 베이징동계올림픽 보이콧에 대해서 부정적 입장을 피력하셨는데 이에 따른 대미외교의 가능성 어떻게 보시는지. 
20211213,"[정면승부] 이상민""전두환 발언 신중했어야"" 조경태""표만 보면 바뀌는 표멜레온""",환경,전두환,대해,나쁜,negative,"박 전 대통령에 대해서는 큰 논란이 없는데, 전두환 씨에 대해서 그런 얘기를 해서 지금. 그러면 윤석열이 하면 나쁜 거고, 이재명이 하면 좋은 거냐. 이런 내로남불 논란에 지금 휩싸여 있는데 어떻게 생각하십니까. "
20211213,"[정면승부] 이상민""전두환 발언 신중했어야"" 조경태""표만 보면 바뀌는 표멜레온""",환경,이상민,대해,별다른,negative,"◆ 이상민> 네, 그렇습니다. 가뜩이나 지금 윤석열 후보에 대해서는 별다른 경력도 없고, 국정 전반을 다룰 수 있는 기회가 없었던 분이 대선 후보에 나와서 앞으로 대한민국을 끌고 가겠다, 라고 국민들이 많이 불안을 하고 있거든요. "
20211214,누가 돼도 탈원전 탈피?...업계 '신중' 환경단체 '반발',환경,이재명,보였,거세,negative,"여권의 이재명 후보마저 원전 가동에 전향적인 자세를 보였기 때문인데, 원전업계는 신중함 속에 기대감을 내비쳤지만 환경단체들은 거세게 반발하고 있습니다. "
